{
  "telegram_bot_token": "8587699905:AAFPoaZhtvt9PfVZ3M2FygoXmp5z9j4mmNA",
  "telegram_chat_id": "7896544619",
  "check_interval_hours": 1,
  "keywords": [
    "digital dentistry", "digital dental", "intraoral scanner", 
    "CAD/CAM", "3D printing dental", "dental 3D printing",
    "AI dentistry", "artificial intelligence dental",
    "dental software", "dental technology", "dental innovation"
  ],
  "rss_sources": [
    {
      "name": "Dental Economics",
      "url": "https://www.dentaleconomics.com/rss",
      "enabled": true
    },
    {
      "name": "Dentistry Today",
      "url": "https://www.dentistrytoday.com/feed/",
      "enabled": true
    },
    {
      "name": "ADA News",
      "url": "https://www.ada.org/en/publications/ada-news/rss-feed",
      "enabled": true
    },
    {
      "name": "PubMed - Digital Dentistry",
      "url": "https://pubmed.ncbi.nlm.nih.gov/?term=digital+dentistry&sort=date&format=rss",
      "enabled": true
    }
  ]
}